"subject_uri","subjectBirthDate","birthPlace","birthPoint","r_property","organisation","orgPoint"
"http://dbpedia.org/resource/Christian_Gottlob_Heyne",1729-09-25,"http://dbpedia.org/resource/Chemnitz","50.833333333333336 12.916666666666666","almaMater","http://dbpedia.org/resource/Leipzig_University","51.33888888888889 12.37861111111111"
"http://dbpedia.org/resource/Thomas_Jefferson",1743-04-13,"http://dbpedia.org/resource/Shadwell,_Virginia","38.012382833333334 -78.41777783333333","almaMater","http://dbpedia.org/resource/College_of_William_&_Mary","37.270833333333336 -76.70833333333333"
"http://dbpedia.org/resource/Jean-François_Champollion",1790-12-23,"http://dbpedia.org/resource/Figeac","44.6086 2.0317","almaMater","http://dbpedia.org/resource/Collège_de_France","48.84916666666667 2.3455555555555554"
"http://dbpedia.org/resource/Jean-François_Champollion",1790-12-23,"http://dbpedia.org/resource/Figeac","44.6086 2.0317","almaMater","http://dbpedia.org/resource/Institut_national_des_langues_et_civilisations_orientales","48.8275 2.376388888888889"
"http://dbpedia.org/resource/William_Robertson_Smith",1846-11-08,"http://dbpedia.org/resource/Aberdeenshire","57.151 -2.123","almaMater","http://dbpedia.org/resource/New_College,_Edinburgh","55.9498 -3.1952"
"http://dbpedia.org/resource/William_Robertson_Smith",1846-11-08,"http://dbpedia.org/resource/Keig","57.26 -2.646","almaMater","http://dbpedia.org/resource/New_College,_Edinburgh","55.9498 -3.1952"
"http://dbpedia.org/resource/Arthur_Evans",1851-07-08,"http://dbpedia.org/resource/Nash_Mills","51.73 -0.451","almaMater","http://dbpedia.org/resource/University_of_Oxford","51.755 -1.255"
"http://dbpedia.org/resource/Francis_Kelsey",1858-05-23,"http://dbpedia.org/resource/Ogden,_New_York","43.166666666666664 -77.8","almaMater","http://dbpedia.org/resource/University_of_Rochester","43.128333 -77.628333"
"http://dbpedia.org/resource/Gustaf_Kossinna",1858-09-28,"http://dbpedia.org/resource/East_Prussia","54.733333333333334 20.483333333333334","institution","http://dbpedia.org/resource/Humboldt_University_of_Berlin","52.518055555555556 13.393333333333333"
"http://dbpedia.org/resource/Margaret_Murray",1863-07-13,"http://dbpedia.org/resource/Kolkata","22.5675 88.37","almaMater","http://dbpedia.org/resource/University_College_London","51.52472222222222 -0.13361111111111112"
"http://dbpedia.org/resource/Katherine_Routledge",1866-08-11,"http://dbpedia.org/resource/Darlington","54.527 -1.5526","almaMater","http://dbpedia.org/resource/Somerville_College,_Oxford","51.759044 -1.262272"
"http://dbpedia.org/resource/Campbell_Cowan_Edgar",1870-12-26,"http://dbpedia.org/resource/Tongland","54.8637 -4.0307","almaMater","http://dbpedia.org/resource/Oriel_College,_Oxford","51.7519 -1.2538"
"http://dbpedia.org/resource/Campbell_Cowan_Edgar",1870-12-26,"http://dbpedia.org/resource/Tongland","54.8637 -4.0307","institution","http://dbpedia.org/resource/Egyptian_Museum","30.047778 31.233333"
"http://dbpedia.org/resource/Grafton_Elliot_Smith",1871-08-15,"http://dbpedia.org/resource/Grafton,_New_South_Wales","-29.683333333333334 152.93333333333334","almaMater","http://dbpedia.org/resource/University_of_Cambridge","52.20527777777778 0.11722222222222221"
"http://dbpedia.org/resource/Grafton_Elliot_Smith",1871-08-15,"http://dbpedia.org/resource/Grafton,_New_South_Wales","-29.683333333333334 152.93333333333334","almaMater","http://dbpedia.org/resource/University_of_Sydney","-33.88777777777778 151.18722222222223"
"http://dbpedia.org/resource/Johan_Gunnar_Andersson",1874-07-03,"http://dbpedia.org/resource/Närke","59.243 15.271","almaMater","http://dbpedia.org/resource/Uppsala_University","59.8575 17.628888888888888"
"http://dbpedia.org/resource/John_Garstang",1876-05-05,"http://dbpedia.org/resource/Blackburn","53.748 -2.482","almaMater","http://dbpedia.org/resource/Jesus_College,_Oxford","51.7534 -1.2569"
"http://dbpedia.org/resource/Alfred_V._Kidder",1885-10-29,"http://dbpedia.org/resource/Marquette,_Michigan","46.54638888888889 -87.40666666666667","almaMater","http://dbpedia.org/resource/Harvard_University","42.37444444444444 -71.11694444444444"
"http://dbpedia.org/resource/Mortimer_Wheeler",1890-09-10,"http://dbpedia.org/resource/Glasgow","55.861111111111114 -4.25","almaMater","http://dbpedia.org/resource/University_College_London","51.52472222222222 -0.13361111111111112"
"http://dbpedia.org/resource/Jole_Bovio_Marconi",1897-01-21,"http://dbpedia.org/resource/Rome","41.89333333333333 12.482777777777777","almaMater","http://dbpedia.org/resource/Sapienza_University_of_Rome","41.903333333333336 12.515833333333333"
"http://dbpedia.org/resource/Einar_Gjerstad",1897-10-30,"http://dbpedia.org/resource/Örebro","59.27388888888889 15.2075","almaMater","http://dbpedia.org/resource/Uppsala_University","59.8575 17.628888888888888"
"http://dbpedia.org/resource/Jole_Bovio_Marconi",1897-01-21,"http://dbpedia.org/resource/Rome","41.89333333333333 12.482777777777777","institution","http://dbpedia.org/resource/University_of_Palermo","38.1177 13.3701"
"http://dbpedia.org/resource/Elinor_Mullett_Husselman",1900-04-04,"http://dbpedia.org/resource/Ann_Arbor,_Michigan","42.28138888888889 -83.74833333333333","almaMater","http://dbpedia.org/resource/University_of_Michigan","42.276944444444446 -83.73805555555556"
"http://dbpedia.org/resource/Elinor_Mullett_Husselman",1900-04-04,"http://dbpedia.org/resource/Ann_Arbor,_Michigan","42.271389 -83.736633","almaMater","http://dbpedia.org/resource/University_of_Michigan","42.276944444444446 -83.73805555555556"
"http://dbpedia.org/resource/Kazimierz_Michałowski",1901-12-14,"http://dbpedia.org/resource/Ternopil","49.56666666666667 25.6","almaMater","http://dbpedia.org/resource/University_of_Lviv","49.840555555555554 24.022222222222222"
"http://dbpedia.org/resource/Max_Mallowan",1904-05-06,"http://dbpedia.org/resource/London","51.507222222222225 -0.1275","almaMater","http://dbpedia.org/resource/New_College,_Oxford","51.754277 -1.251288"
"http://dbpedia.org/resource/Max_Mallowan",1904-05-06,"http://dbpedia.org/resource/Wandsworth","51.455 -0.192","almaMater","http://dbpedia.org/resource/New_College,_Oxford","51.754277 -1.251288"
"http://dbpedia.org/resource/Max_Mallowan",1904-05-06,"http://dbpedia.org/resource/London","51.507222222222225 -0.1275","institution","http://dbpedia.org/resource/All_Souls_College,_Oxford","51.753279 -1.253041"
"http://dbpedia.org/resource/Max_Mallowan",1904-05-06,"http://dbpedia.org/resource/Wandsworth","51.455 -0.192","institution","http://dbpedia.org/resource/All_Souls_College,_Oxford","51.753279 -1.253041"
"http://dbpedia.org/resource/James_Bennett_Griffin",1905-01-12,"http://dbpedia.org/resource/Atchison,_Kansas","39.5625 -95.12833333333333","almaMater","http://dbpedia.org/resource/University_of_Chicago","41.789722222222224 -87.59972222222223"
"http://dbpedia.org/resource/James_Bennett_Griffin",1905-01-12,"http://dbpedia.org/resource/Atchison,_Kansas","39.5625 -95.12833333333333","almaMater","http://dbpedia.org/resource/University_of_Michigan","42.276944444444446 -83.73805555555556"
"http://dbpedia.org/resource/James_Bennett_Griffin",1905-01-12,"http://dbpedia.org/resource/Atchison,_Kansas","39.5625 -95.12833333333333","institution","http://dbpedia.org/resource/University_of_Michigan","42.276944444444446 -83.73805555555556"
"http://dbpedia.org/resource/Alice_Kober",1906-12-23,"http://dbpedia.org/resource/New_York_City","40.71277777777778 -74.00611111111111","almaMater","http://dbpedia.org/resource/Hunter_College","40.768538 -73.964741"
"http://dbpedia.org/resource/Alice_Kober",1906-12-23,"http://dbpedia.org/resource/New_York_City","40.71277777777778 -74.00611111111111","almaMater","http://dbpedia.org/resource/Columbia_University","40.8075 -73.96194444444444"
"http://dbpedia.org/resource/Charles_Godakumbura",1907-12-05,"http://dbpedia.org/resource/Chilaw","7.583333333333333 79.8","almaMater","http://dbpedia.org/resource/Kingswood_College,_Kandy","7.277083333333334 80.61486111111111"
"http://dbpedia.org/resource/Avraham_Biran",1909-10-23,"http://dbpedia.org/resource/Petah_Tikva","32.08888888888889 34.88638888888889","almaMater","http://dbpedia.org/resource/Johns_Hopkins_University","39.32888888888889 -76.62027777777777"
"http://dbpedia.org/resource/Su_Bingqi",1909,"http://dbpedia.org/resource/Gaoyang_County","38.7 115.779","almaMater","http://dbpedia.org/resource/Beijing_Normal_University","39.95722222222222 116.3625"
"http://dbpedia.org/resource/Jacquetta_Hawkes",1910-08-05,"http://dbpedia.org/resource/Cambridge","52.20527777777778 0.11916666666666667","almaMater","http://dbpedia.org/resource/University_of_Cambridge","52.20527777777778 0.11722222222222221"
"http://dbpedia.org/resource/Anne_Strachan_Robertson",1910-05-03,"http://dbpedia.org/resource/Glasgow","55.861111111111114 -4.25","almaMater","http://dbpedia.org/resource/University_of_Glasgow","55.871944444444445 -4.2875"
"http://dbpedia.org/resource/Anne_Strachan_Robertson",1910-05-03,"http://dbpedia.org/resource/Glasgow","55.861111111111114 -4.25","institution","http://dbpedia.org/resource/University_of_Glasgow","55.871944444444445 -4.2875"
"http://dbpedia.org/resource/Chen_Mengjia",1911-04-20,"http://dbpedia.org/resource/Nanjing","32.0614 118.7636","almaMater","http://dbpedia.org/resource/Yenching_University","39.9917 116.304"
"http://dbpedia.org/resource/Irving_Rouse",1913-08-29,"http://dbpedia.org/resource/Rochester,_New_York","43.16555555555556 -77.61138888888888","almaMater","http://dbpedia.org/resource/Yale_University","41.31638888888889 -72.92222222222222"
"http://dbpedia.org/resource/Zdenko_Vinski",1913-05-03,"http://dbpedia.org/resource/Zagreb","45.81666666666667 15.983333333333333","almaMater","http://dbpedia.org/resource/University_of_Vienna","48.213055555555556 16.35972222222222"
"http://dbpedia.org/resource/Muazzez_İlmiye_Çığ",1914-06-20,"http://dbpedia.org/resource/Bursa","40.18333333333333 29.05","almaMater","http://dbpedia.org/resource/Ankara_University","39.9367 32.8303"
"http://dbpedia.org/resource/Rúaidhrí_de_Valera",1916-11-03,"http://dbpedia.org/resource/Dublin","53.35 -6.260277777777778","almaMater","http://dbpedia.org/resource/University_College_Dublin","53.30833333333333 -6.222222222222222"
"http://dbpedia.org/resource/Margaret_Ursula_Jones",1916-05-16,"http://dbpedia.org/resource/Birkenhead","53.393 -3.014","institution","http://dbpedia.org/resource/Mucking_(archaeological_site)","51.49388888888889 0.43"
"http://dbpedia.org/resource/Honor_Frost",1917-10-28,"http://dbpedia.org/resource/Nicosia","35.1725 33.365","institution","http://dbpedia.org/resource/UCL_Institute_of_Archaeology","51.525 -0.13166666666666668"
"http://dbpedia.org/resource/Ahmad_Hasan_Dani",1920-06-20,"http://dbpedia.org/resource/Basna","21.28 82.82","almaMater","http://dbpedia.org/resource/Banaras_Hindu_University","25.2677 82.9891"
"http://dbpedia.org/resource/Marija_Gimbutas",1921-01-23,"http://dbpedia.org/resource/Vilnius","54.687222222222225 25.28","almaMater","http://dbpedia.org/resource/Vilnius_University","54.6825 25.287222222222223"
"http://dbpedia.org/resource/Su_Bai",1922-08-03,"http://dbpedia.org/resource/Liaoning","41.1 122.3","almaMater","http://dbpedia.org/resource/Peking_University","39.98972222222222 116.30527777777777"
"http://dbpedia.org/resource/Su_Bai",1922-08-03,"http://dbpedia.org/resource/Shenyang","41.8025 123.42805555555556","almaMater","http://dbpedia.org/resource/Peking_University","39.98972222222222 116.30527777777777"
"http://dbpedia.org/resource/Fred_Wendorf",1924-07-31,"http://dbpedia.org/resource/Terrell,_Texas","32.7375 -96.2825","almaMater","http://dbpedia.org/resource/Harvard_University","42.37444444444444 -71.11694444444444"
"http://dbpedia.org/resource/Fred_Wendorf",1924-07-31,"http://dbpedia.org/resource/Terrell,_Texas","32.7375 -96.2825","institution","http://dbpedia.org/resource/Texas_Tech_University","33.584 -101.878"
"http://dbpedia.org/resource/Fred_Wendorf",1924-07-31,"http://dbpedia.org/resource/Terrell,_Texas","32.7375 -96.2825","institution","http://dbpedia.org/resource/Southern_Methodist_University","32.83855 -96.78294"
"http://dbpedia.org/resource/Wang_Zhongshu",1925-10-15,"http://dbpedia.org/resource/Zhejiang","29.2 120.5","almaMater","http://dbpedia.org/resource/Peking_University","39.98972222222222 116.30527777777777"
"http://dbpedia.org/resource/Wang_Zhongshu",1925-10-15,"http://dbpedia.org/resource/Zhejiang","29.2 120.5","almaMater","http://dbpedia.org/resource/Zhejiang_University","30.26361111111111 120.12083333333334"
"http://dbpedia.org/resource/Wang_Zhongshu",1925-10-15,"http://dbpedia.org/resource/Ningbo","29.869 121.554","almaMater","http://dbpedia.org/resource/Peking_University","39.98972222222222 116.30527777777777"
"http://dbpedia.org/resource/Wang_Zhongshu",1925-10-15,"http://dbpedia.org/resource/Ningbo","29.8603 121.6245","almaMater","http://dbpedia.org/resource/Peking_University","39.98972222222222 116.30527777777777"
"http://dbpedia.org/resource/Wang_Zhongshu",1925-10-15,"http://dbpedia.org/resource/Ningbo","29.869 121.554","almaMater","http://dbpedia.org/resource/Zhejiang_University","30.26361111111111 120.12083333333334"
"http://dbpedia.org/resource/Wang_Zhongshu",1925-10-15,"http://dbpedia.org/resource/Ningbo","29.8603 121.6245","almaMater","http://dbpedia.org/resource/Zhejiang_University","30.26361111111111 120.12083333333334"
"http://dbpedia.org/resource/Seifollah_Kambakhshfard",1929-03-21,"http://dbpedia.org/resource/Tehran","35.689166666666665 51.388888888888886","almaMater","http://dbpedia.org/resource/University_of_Tehran","35.70333333333333 51.395"
"http://dbpedia.org/resource/Seifollah_Kambakhshfard",1929-03-21,"http://dbpedia.org/resource/Tehran","35.689166666666665 51.388888888888886","institution","http://dbpedia.org/resource/University_of_Tehran","35.70333333333333 51.395"
"http://dbpedia.org/resource/Seifollah_Kambakhshfard",1929-03-21,"http://dbpedia.org/resource/Tehran","35.689166666666665 51.388888888888886","institution","http://dbpedia.org/resource/National_Museum_of_Iran","35.687044444444446 51.414611111111114"
"http://dbpedia.org/resource/Lewis_Binford",1931-11-21,"http://dbpedia.org/resource/Norfolk,_Virginia","36.846944444444446 -76.28527777777778","almaMater","http://dbpedia.org/resource/University_of_Michigan","42.276944444444446 -83.73805555555556"
"http://dbpedia.org/resource/Lewis_Binford",1931-11-21,"http://dbpedia.org/resource/Norfolk,_Virginia","36.846944444444446 -76.28527777777778","almaMater","http://dbpedia.org/resource/University_of_North_Carolina_at_Chapel_Hill","35.908611111111114 -79.04916666666666"
"http://dbpedia.org/resource/Lewis_Binford",1931-11-21,"http://dbpedia.org/resource/Norfolk,_Virginia","36.846944444444446 -76.28527777777778","almaMater","http://dbpedia.org/resource/Virginia_Tech","37.225 -80.425"
"http://dbpedia.org/resource/Lewis_Binford",1931-11-21,"http://dbpedia.org/resource/Norfolk,_Virginia","36.846944444444446 -76.28527777777778","institution","http://dbpedia.org/resource/University_of_Chicago","41.789722222222224 -87.59972222222223"
"http://dbpedia.org/resource/Lewis_Binford",1931-11-21,"http://dbpedia.org/resource/Norfolk,_Virginia","36.846944444444446 -76.28527777777778","institution","http://dbpedia.org/resource/University_of_New_Mexico","35.08389 -106.61861"
"http://dbpedia.org/resource/Lewis_Binford",1931-11-21,"http://dbpedia.org/resource/Norfolk,_Virginia","36.846944444444446 -76.28527777777778","institution","http://dbpedia.org/resource/Southern_Methodist_University","32.83855 -96.78294"
"http://dbpedia.org/resource/George_Bass_(archaeologist)",1932-12-09,"http://dbpedia.org/resource/Columbia,_South_Carolina","34.00055555555556 -81.03472222222223","almaMater","http://dbpedia.org/resource/University_of_Pennsylvania","39.95 -75.19"
"http://dbpedia.org/resource/George_Bass_(archaeologist)",1932-12-09,"http://dbpedia.org/resource/Columbia,_South_Carolina","34.00055555555556 -81.03472222222223","institution","http://dbpedia.org/resource/Texas_A&M_University","30.610277777777778 -96.34361111111112"
"http://dbpedia.org/resource/Li_Xueqin",1933-03-28,"http://dbpedia.org/resource/Beijing","39.906666666666666 116.3975","almaMater","http://dbpedia.org/resource/Tsinghua_University","40.0 116.32666666666667"
"http://dbpedia.org/resource/Karl_Butzer",1934-08-19,"http://dbpedia.org/resource/Mülheim","51.4275 6.8825","almaMater","http://dbpedia.org/resource/University_of_Bonn","50.73388888888889 7.102222222222222"
"http://dbpedia.org/resource/Karl_Butzer",1934-08-19,"http://dbpedia.org/resource/Mülheim","51.4275 6.8825","almaMater","http://dbpedia.org/resource/McGill_University","45.50416666666667 -73.57472222222222"
"http://dbpedia.org/resource/Parviz_Varjavand",1934-01-05,"http://dbpedia.org/resource/Tehran","35.689166666666665 51.388888888888886","almaMater","http://dbpedia.org/resource/University_of_Tehran","35.70333333333333 51.395"
"http://dbpedia.org/resource/Colin_Renfrew",1937-07-25,"http://dbpedia.org/resource/Stockton-on-Tees","54.57 -1.32","almaMater","http://dbpedia.org/resource/St_John's_College,_Cambridge","52.20805555555555 0.11666666666666667"
"http://dbpedia.org/resource/Carmel_Schrire",1941-05-15,"http://dbpedia.org/resource/Cape_Town","-33.92527777777778 18.42388888888889","almaMater","http://dbpedia.org/resource/University_of_Cambridge","52.20527777777778 0.11722222222222221"
"http://dbpedia.org/resource/Carmel_Schrire",1941-05-15,"http://dbpedia.org/resource/Cape_Town","-33.92527777777778 18.42388888888889","almaMater","http://dbpedia.org/resource/University_of_Cape_Town","-33.9575 18.460555555555555"
"http://dbpedia.org/resource/Carmel_Schrire",1941-05-15,"http://dbpedia.org/resource/Cape_Town","-33.92527777777778 18.42388888888889","almaMater","http://dbpedia.org/resource/Australian_National_University","-35.2778 149.1205"
"http://dbpedia.org/resource/Richard_Klein_(paleoanthropologist)",1941-04-11,"http://dbpedia.org/resource/Chicago","41.88194444444444 -87.62777777777778","almaMater","http://dbpedia.org/resource/University_of_Chicago","41.789722222222224 -87.59972222222223"
"http://dbpedia.org/resource/Richard_Klein_(paleoanthropologist)",1941-04-11,"http://dbpedia.org/resource/Chicago","41.88194444444444 -87.62777777777778","almaMater","http://dbpedia.org/resource/University_of_Michigan","42.276944444444446 -83.73805555555556"
"http://dbpedia.org/resource/Carmel_Schrire",1941-05-15,"http://dbpedia.org/resource/Cape_Town","-33.92527777777778 18.42388888888889","institution","http://dbpedia.org/resource/Rutgers_University","40.501666666666665 -74.44805555555556"
"http://dbpedia.org/resource/Richard_Klein_(paleoanthropologist)",1941-04-11,"http://dbpedia.org/resource/Chicago","41.88194444444444 -87.62777777777778","institution","http://dbpedia.org/resource/University_of_Chicago","41.789722222222224 -87.59972222222223"
"http://dbpedia.org/resource/Richard_Klein_(paleoanthropologist)",1941-04-11,"http://dbpedia.org/resource/Chicago","41.88194444444444 -87.62777777777778","institution","http://dbpedia.org/resource/University_of_Wisconsin–Milwaukee","43.075 -87.8829"
"http://dbpedia.org/resource/Richard_Klein_(paleoanthropologist)",1941-04-11,"http://dbpedia.org/resource/Chicago","41.88194444444444 -87.62777777777778","institution","http://dbpedia.org/resource/Stanford_University","37.4282293 -122.1688576"
"http://dbpedia.org/resource/Richard_Klein_(paleoanthropologist)",1941-04-11,"http://dbpedia.org/resource/Chicago","41.88194444444444 -87.62777777777778","institution","http://dbpedia.org/resource/Northwestern_University","42.0548 -87.6739"
"http://dbpedia.org/resource/Siran_Upendra_Deraniyagala",1942-03-01,"http://dbpedia.org/resource/Chilaw","7.583333333333333 79.8","almaMater","http://dbpedia.org/resource/S._Thomas'_College,_Mount_Lavinia","6.8374 79.86503333333333"
"http://dbpedia.org/resource/Siran_Upendra_Deraniyagala",1942-03-01,"http://dbpedia.org/resource/Chilaw","7.583333333333333 79.8","almaMater","http://dbpedia.org/resource/Trinity_College,_Cambridge","52.207 0.1146"
"http://dbpedia.org/resource/Siran_Upendra_Deraniyagala",1942-03-01,"http://dbpedia.org/resource/Chilaw","7.583333333333333 79.8","almaMater","http://dbpedia.org/resource/Harvard_University","42.37444444444444 -71.11694444444444"
"http://dbpedia.org/resource/Siran_Upendra_Deraniyagala",1942-03-01,"http://dbpedia.org/resource/Ratnapura","6.680555555555555 80.40222222222222","almaMater","http://dbpedia.org/resource/S._Thomas'_College,_Mount_Lavinia","6.8374 79.86503333333333"
"http://dbpedia.org/resource/Siran_Upendra_Deraniyagala",1942-03-01,"http://dbpedia.org/resource/Ratnapura","6.680555555555555 80.40222222222222","almaMater","http://dbpedia.org/resource/Trinity_College,_Cambridge","52.207 0.1146"
"http://dbpedia.org/resource/Siran_Upendra_Deraniyagala",1942-03-01,"http://dbpedia.org/resource/Ratnapura","6.680555555555555 80.40222222222222","almaMater","http://dbpedia.org/resource/Harvard_University","42.37444444444444 -71.11694444444444"
"http://dbpedia.org/resource/Alireza_Shapour_Shahbazi",1942-09-04,"http://dbpedia.org/resource/Shiraz","29.61 52.5425","institution","http://dbpedia.org/resource/University_of_Göttingen","51.54194444444445 9.934444444444445"
"http://dbpedia.org/resource/Alireza_Shapour_Shahbazi",1942-09-04,"http://dbpedia.org/resource/Shiraz","29.61 52.5425","institution","http://dbpedia.org/resource/University_of_Tehran","35.70333333333333 51.395"
"http://dbpedia.org/resource/Alireza_Shapour_Shahbazi",1942-09-04,"http://dbpedia.org/resource/Shiraz","29.61 52.5425","institution","http://dbpedia.org/resource/Columbia_University","40.8075 -73.96194444444444"
"http://dbpedia.org/resource/Alireza_Shapour_Shahbazi",1942-09-04,"http://dbpedia.org/resource/Shiraz","29.61 52.5425","institution","http://dbpedia.org/resource/Shiraz_University","29.639741666666666 52.52675"
"http://dbpedia.org/resource/Alireza_Shapour_Shahbazi",1942-09-04,"http://dbpedia.org/resource/Shiraz","29.61 52.5425","institution","http://dbpedia.org/resource/Harvard_University","42.37444444444444 -71.11694444444444"
"http://dbpedia.org/resource/Victor_Spinei",1943-10-26,"http://dbpedia.org/resource/Lozova,_Strășeni","47.1327777778 28.3855555556","almaMater","http://dbpedia.org/resource/University_of_Bucharest","44.43555555555555 26.101116666666666"
"http://dbpedia.org/resource/Victor_Spinei",1943-10-26,"http://dbpedia.org/resource/Lozova,_Strășeni","47.1327777778 28.3855555556","almaMater","http://dbpedia.org/resource/Alexandru_Ioan_Cuza_University","47.174231 27.571691"
"http://dbpedia.org/resource/Donald_Johanson",1943-06-28,"http://dbpedia.org/resource/Chicago","41.88194444444444 -87.62777777777778","almaMater","http://dbpedia.org/resource/University_of_Chicago","41.789722222222224 -87.59972222222223"
"http://dbpedia.org/resource/Donald_Johanson",1943-06-28,"http://dbpedia.org/resource/Chicago","41.88194444444444 -87.62777777777778","institution","http://dbpedia.org/resource/Arizona_State_University","33.421 -111.933"
"http://dbpedia.org/resource/Elizabeth_Brumfiel",1945-03-10,"http://dbpedia.org/resource/Chicago","41.88194444444444 -87.62777777777778","almaMater","http://dbpedia.org/resource/University_of_California,_Los_Angeles","34.06944444444444 -118.44527777777778"
"http://dbpedia.org/resource/Elizabeth_Brumfiel",1945-03-10,"http://dbpedia.org/resource/Chicago","41.88194444444444 -87.62777777777778","almaMater","http://dbpedia.org/resource/University_of_Michigan","42.276944444444446 -83.73805555555556"
"http://dbpedia.org/resource/Elizabeth_Brumfiel",1945-03-10,"http://dbpedia.org/resource/Chicago","41.88194444444444 -87.62777777777778","institution","http://dbpedia.org/resource/Albion_College","42.2445 -84.7434"
"http://dbpedia.org/resource/Elizabeth_Brumfiel",1945-03-10,"http://dbpedia.org/resource/Chicago","41.88194444444444 -87.62777777777778","institution","http://dbpedia.org/resource/Northwestern_University","42.0548 -87.6739"
"http://dbpedia.org/resource/Andrew_Sherratt",1946-05-08,"http://dbpedia.org/resource/Oldham","53.5444 -2.1169","almaMater","http://dbpedia.org/resource/University_of_Cambridge","52.20527777777778 0.11722222222222221"
"http://dbpedia.org/resource/Zahi_Hawass",1947-05-28,"http://dbpedia.org/resource/Damietta","31.416666666666668 31.82138888888889","almaMater","http://dbpedia.org/resource/Cairo_University","30.0276 31.21014"
"http://dbpedia.org/resource/Zahi_Hawass",1947-05-28,"http://dbpedia.org/resource/Damietta","31.416666666666668 31.82138888888889","almaMater","http://dbpedia.org/resource/University_of_Pennsylvania","39.95 -75.19"
"http://dbpedia.org/resource/Zahi_Hawass",1947-05-28,"http://dbpedia.org/resource/Damietta","31.416666666666668 31.82138888888889","almaMater","http://dbpedia.org/resource/Alexandria_University","31.201944444444443 29.905277777777776"
"http://dbpedia.org/resource/Paolo_Biagi",1948-01-30,"http://dbpedia.org/resource/Brescia","45.541666666666664 10.216666666666667","almaMater","http://dbpedia.org/resource/University_of_Milan","45.46098888888889 9.194591666666666"
"http://dbpedia.org/resource/Paolo_Biagi",1948-01-30,"http://dbpedia.org/resource/Brescia","45.541666666666664 10.216666666666667","almaMater","http://dbpedia.org/resource/UCL_Institute_of_Archaeology","51.525 -0.13166666666666668"
"http://dbpedia.org/resource/Ian_Hodder",1948-11-23,"http://dbpedia.org/resource/Bristol","51.45 -2.5833333333333335","almaMater","http://dbpedia.org/resource/Peterhouse,_Cambridge","52.2009 0.1184"
"http://dbpedia.org/resource/Paolo_Biagi",1948-01-30,"http://dbpedia.org/resource/Brescia","45.541666666666664 10.216666666666667","institution","http://dbpedia.org/resource/Ca'_Foscari_University_of_Venice","45.4345 12.3265"
"http://dbpedia.org/resource/Paolo_Biagi",1948-01-30,"http://dbpedia.org/resource/Brescia","45.541666666666664 10.216666666666667","institution","http://dbpedia.org/resource/University_of_Genoa","44.415 8.9258"
"http://dbpedia.org/resource/Ian_Hodder",1948-11-23,"http://dbpedia.org/resource/Bristol","51.45 -2.5833333333333335","institution","http://dbpedia.org/resource/University_of_Cambridge","52.20527777777778 0.11722222222222221"
"http://dbpedia.org/resource/Ian_Hodder",1948-11-23,"http://dbpedia.org/resource/Bristol","51.45 -2.5833333333333335","institution","http://dbpedia.org/resource/University_of_Leeds","53.80722222222222 -1.5516666666666667"
"http://dbpedia.org/resource/Ian_Hodder",1948-11-23,"http://dbpedia.org/resource/Bristol","51.45 -2.5833333333333335","institution","http://dbpedia.org/resource/Stanford_University","37.4282293 -122.1688576"
"http://dbpedia.org/resource/Ian_Hodder",1948-11-23,"http://dbpedia.org/resource/Bristol","51.45 -2.5833333333333335","institution","http://dbpedia.org/resource/Darwin_College,_Cambridge","52.2006 0.1137"
"http://dbpedia.org/resource/Israel_Finkelstein",1949-03-29,"http://dbpedia.org/resource/Tel_Aviv","32.08 34.78","almaMater","http://dbpedia.org/resource/Tel_Aviv_University","32.1125 34.805"
"http://dbpedia.org/resource/Israel_Finkelstein",1949-03-29,"http://dbpedia.org/resource/Tel_Aviv","32.08 34.78","institution","http://dbpedia.org/resource/University_of_Haifa","32.7625 35.018055555555556"
"http://dbpedia.org/resource/Israel_Finkelstein",1949-03-29,"http://dbpedia.org/resource/Tel_Aviv","32.08 34.78","institution","http://dbpedia.org/resource/Tel_Aviv_University","32.1125 34.805"
"http://dbpedia.org/resource/Marek_Zvelebil",1952-01-09,"http://dbpedia.org/resource/Prague","50.0875 14.421388888888888","almaMater","http://dbpedia.org/resource/University_of_Cambridge","52.20527777777778 0.11722222222222221"
"http://dbpedia.org/resource/Marek_Zvelebil",1952-01-09,"http://dbpedia.org/resource/Prague","50.0875 14.421388888888888","almaMater","http://dbpedia.org/resource/University_of_Sheffield","53.3807 -1.4888"
"http://dbpedia.org/resource/Richard_Hodges_(archaeologist)",1952-09-29,"http://dbpedia.org/resource/Bath,_Somerset","51.38 -2.36","almaMater","http://dbpedia.org/resource/University_of_Southampton","50.93463 -1.39595"
"http://dbpedia.org/resource/Klaus_Schmidt_(archaeologist)",1953-12-11,"http://dbpedia.org/resource/Feuchtwangen","49.166666666666664 10.316666666666666","almaMater","http://dbpedia.org/resource/Heidelberg_University","49.41027777777778 8.706388888888888"
"http://dbpedia.org/resource/Louise_Zarmati",1958-08-08,"http://dbpedia.org/resource/Sydney","-33.867777777777775 151.21","almaMater","http://dbpedia.org/resource/University_of_Sydney","-33.88777777777778 151.18722222222223"
"http://dbpedia.org/resource/Louise_Zarmati",1958-08-08,"http://dbpedia.org/resource/Sydney","-33.867777777777775 151.21","institution","http://dbpedia.org/resource/University_of_Tasmania","-42.90472222222222 147.3227777777778"
"http://dbpedia.org/resource/Martin_Rundkvist",1972-04-04,"http://dbpedia.org/resource/Stockholm","59.32944444444445 18.06861111111111","almaMater","http://dbpedia.org/resource/Stockholm_University","59.36527777777778 18.058333333333334"
