"subject_uri","subjectBirthDate","r_property","target"
"http://dbpedia.org/resource/Johann_Joachim_Winckelmann",1717-12-09,"almaMater","http://dbpedia.org/resource/University_of_Halle"
"http://dbpedia.org/resource/Christian_Gottlob_Heyne",1729-09-25,"almaMater","http://dbpedia.org/resource/Leipzig_University"
"http://dbpedia.org/resource/Thomas_Jefferson",1743-04-13,"almaMater","http://dbpedia.org/resource/College_of_William_&_Mary"
"http://dbpedia.org/resource/Jean-François_Champollion",1790-12-23,"almaMater","http://dbpedia.org/resource/Collège_de_France"
"http://dbpedia.org/resource/Jean-François_Champollion",1790-12-23,"almaMater","http://dbpedia.org/resource/Institut_national_des_langues_et_civilisations_orientales"
"http://dbpedia.org/resource/William_Robertson_Smith",1846-11-08,"almaMater","http://dbpedia.org/resource/New_College,_Edinburgh"
"http://dbpedia.org/resource/Arthur_Evans",1851-07-08,"almaMater","http://dbpedia.org/resource/University_of_Oxford"
"http://dbpedia.org/resource/Francis_Kelsey",1858-05-23,"almaMater","http://dbpedia.org/resource/University_of_Rochester"
"http://dbpedia.org/resource/Gustaf_Kossinna",1858-09-28,"institution","http://dbpedia.org/resource/Humboldt_University_of_Berlin"
"http://dbpedia.org/resource/Giacomo_Boni_(archaeologist)",1859-04-25,"almaMater","http://dbpedia.org/resource/Accademia_di_Belle_Arti_di_Venezia"
"http://dbpedia.org/resource/Victor_Loret",1859-09-01,"almaMater","http://dbpedia.org/resource/École_des_Hautes_Études"
"http://dbpedia.org/resource/Margaret_Murray",1863-07-13,"almaMater","http://dbpedia.org/resource/University_College_London"
"http://dbpedia.org/resource/Katherine_Routledge",1866-08-11,"almaMater","http://dbpedia.org/resource/Somerville_College,_Oxford"
"http://dbpedia.org/resource/Campbell_Cowan_Edgar",1870-12-26,"almaMater","http://dbpedia.org/resource/Oriel_College,_Oxford"
"http://dbpedia.org/resource/Campbell_Cowan_Edgar",1870-12-26,"almaMater","http://dbpedia.org/resource/Glasgow_University"
"http://dbpedia.org/resource/Campbell_Cowan_Edgar",1870-12-26,"institution","http://dbpedia.org/resource/Egyptian_Museum"
"http://dbpedia.org/resource/Grafton_Elliot_Smith",1871-08-15,"almaMater","http://dbpedia.org/resource/University_of_Cambridge"
"http://dbpedia.org/resource/Grafton_Elliot_Smith",1871-08-15,"almaMater","http://dbpedia.org/resource/University_of_Sydney"
"http://dbpedia.org/resource/Johan_Gunnar_Andersson",1874-07-03,"almaMater","http://dbpedia.org/resource/Uppsala_University"
"http://dbpedia.org/resource/John_Garstang",1876-05-05,"almaMater","http://dbpedia.org/resource/Jesus_College,_Oxford"
"http://dbpedia.org/resource/John_Marshall_(archaeologist)",1876-03-19,"almaMater","http://dbpedia.org/resource/King's_College,_Cambridge"
"http://dbpedia.org/resource/Cyril_Fox",1882-12-16,"institution","http://dbpedia.org/resource/Amgueddfa_Cymru_-_National_Museum_Wales"
"http://dbpedia.org/resource/Alfred_V._Kidder",1885-10-29,"almaMater","http://dbpedia.org/resource/Harvard_University"
"http://dbpedia.org/resource/Mortimer_Wheeler",1890-09-10,"almaMater","http://dbpedia.org/resource/University_College_London"
"http://dbpedia.org/resource/Guo_Moruo",1892-11-16,"almaMater","http://dbpedia.org/resource/Chengdu_Shishi_High_School"
"http://dbpedia.org/resource/Dorothy_Garrod",1892-05-05,"almaMater","http://dbpedia.org/resource/University_of_Oxford"
"http://dbpedia.org/resource/Dorothy_Garrod",1892-05-05,"almaMater","http://dbpedia.org/resource/Pitt_Rivers_Museum"
"http://dbpedia.org/resource/Raymond_Dart",1893-02-04,"almaMater","http://dbpedia.org/resource/University_of_Queensland"
"http://dbpedia.org/resource/Raymond_Dart",1893-02-04,"almaMater","http://dbpedia.org/resource/University_of_Sydney"
"http://dbpedia.org/resource/Raymond_Dart",1893-02-04,"almaMater","http://dbpedia.org/resource/Ipswich_Grammar_School"
"http://dbpedia.org/resource/Luisa_Banti",1894-07-13,"almaMater","http://dbpedia.org/resource/University_of_Florence"
"http://dbpedia.org/resource/Einar_Gjerstad",1897-10-30,"almaMater","http://dbpedia.org/resource/Uppsala_University"
"http://dbpedia.org/resource/Jole_Bovio_Marconi",1897-01-21,"almaMater","http://dbpedia.org/resource/Sapienza_University_of_Rome"
"http://dbpedia.org/resource/Jole_Bovio_Marconi",1897-01-21,"almaMater","http://dbpedia.org/resource/Italian_School_of_Archaeology_at_Athens"
"http://dbpedia.org/resource/Jole_Bovio_Marconi",1897-01-21,"institution","http://dbpedia.org/resource/Regional_Archeological_Museum_Antonio_Salinas"
"http://dbpedia.org/resource/Jole_Bovio_Marconi",1897-01-21,"institution","http://dbpedia.org/resource/University_of_Palermo"
"http://dbpedia.org/resource/Elinor_Mullett_Husselman",1900-04-04,"almaMater","http://dbpedia.org/resource/University_of_Michigan"
"http://dbpedia.org/resource/Norman_Tindale",1900-10-12,"almaMater","http://dbpedia.org/resource/University_of_Adelaide"
"http://dbpedia.org/resource/Kazimierz_Michałowski",1901-12-14,"almaMater","http://dbpedia.org/resource/University_of_Lviv"
"http://dbpedia.org/resource/Max_Mallowan",1904-05-06,"almaMater","http://dbpedia.org/resource/New_College,_Oxford"
"http://dbpedia.org/resource/Max_Mallowan",1904-05-06,"institution","http://dbpedia.org/resource/University_of_London"
"http://dbpedia.org/resource/Max_Mallowan",1904-05-06,"institution","http://dbpedia.org/resource/All_Souls_College,_Oxford"
"http://dbpedia.org/resource/Robert_Hamilton_(archaeologist)",1905-11-26,"almaMater","http://dbpedia.org/resource/Magdalen_College,_Oxford"
"http://dbpedia.org/resource/W._F._Grimes",1905-10-31,"almaMater","http://dbpedia.org/resource/University_College_of_South_Wales_and_Monmouthshire"
"http://dbpedia.org/resource/James_Bennett_Griffin",1905-01-12,"almaMater","http://dbpedia.org/resource/University_of_Chicago"
"http://dbpedia.org/resource/James_Bennett_Griffin",1905-01-12,"almaMater","http://dbpedia.org/resource/University_of_Michigan"
"http://dbpedia.org/resource/James_Bennett_Griffin",1905-01-12,"institution","http://dbpedia.org/resource/University_of_Michigan"
"http://dbpedia.org/resource/Benjamin_Mazar",1906-06-28,"almaMater","http://dbpedia.org/resource/Giessen_University"
"http://dbpedia.org/resource/Benjamin_Mazar",1906-06-28,"almaMater","http://dbpedia.org/resource/Berlin_University"
"http://dbpedia.org/resource/Alice_Kober",1906-12-23,"almaMater","http://dbpedia.org/resource/Hunter_College"
"http://dbpedia.org/resource/Alice_Kober",1906-12-23,"almaMater","http://dbpedia.org/resource/Columbia_University"
"http://dbpedia.org/resource/Alice_Kober",1906-12-23,"almaMater","http://dbpedia.org/resource/Doctor_of_Philosophy"
"http://dbpedia.org/resource/Aileen_Fox",1907-07-29,"almaMater","http://dbpedia.org/resource/Newnham_College,_Cambridge"
"http://dbpedia.org/resource/Charles_Godakumbura",1907-12-05,"almaMater","http://dbpedia.org/resource/University_of_Ceylon"
"http://dbpedia.org/resource/Charles_Godakumbura",1907-12-05,"almaMater","http://dbpedia.org/resource/University_of_London"
"http://dbpedia.org/resource/Charles_Godakumbura",1907-12-05,"almaMater","http://dbpedia.org/resource/Kingswood_College,_Kandy"
"http://dbpedia.org/resource/Linda_Braidwood",1909-10-09,"almaMater","http://dbpedia.org/resource/University_of_Chicago"
"http://dbpedia.org/resource/Linda_Braidwood",1909-10-09,"almaMater","http://dbpedia.org/resource/University_of_Michigan"
"http://dbpedia.org/resource/Su_Bingqi",1909,"almaMater","http://dbpedia.org/resource/Beijing_Normal_University"
"http://dbpedia.org/resource/Avraham_Biran",1909-10-23,"almaMater","http://dbpedia.org/resource/Johns_Hopkins_University"
"http://dbpedia.org/resource/Nikolaos_Platon",1909-01-08,"almaMater","http://dbpedia.org/resource/National_and_Kapodistrian_University_of_Athens"
"http://dbpedia.org/resource/Anne_Strachan_Robertson",1910-05-03,"almaMater","http://dbpedia.org/resource/University_of_Glasgow"
"http://dbpedia.org/resource/Anne_Strachan_Robertson",1910-05-03,"almaMater","http://dbpedia.org/resource/University_of_London"
"http://dbpedia.org/resource/Jacquetta_Hawkes",1910-08-05,"almaMater","http://dbpedia.org/resource/University_of_Cambridge"
"http://dbpedia.org/resource/Anne_Strachan_Robertson",1910-05-03,"institution","http://dbpedia.org/resource/University_of_Glasgow"
"http://dbpedia.org/resource/Anne_Strachan_Robertson",1910-05-03,"institution","http://dbpedia.org/resource/Hunterian_Museum"
"http://dbpedia.org/resource/Ekrem_Akurgal",1911-03-30,"almaMater","http://dbpedia.org/resource/University_of_Berlin"
"http://dbpedia.org/resource/Chen_Mengjia",1911-04-20,"almaMater","http://dbpedia.org/resource/Yenching_University"
"http://dbpedia.org/resource/Zdenko_Vinski",1913-05-03,"almaMater","http://dbpedia.org/resource/University_of_Vienna"
"http://dbpedia.org/resource/Irving_Rouse",1913-08-29,"almaMater","http://dbpedia.org/resource/Yale_University"
"http://dbpedia.org/resource/James_Stewart_(archaeologist)",1913-07-11,"almaMater","http://dbpedia.org/resource/University_of_Cambridge"
"http://dbpedia.org/resource/Muazzez_İlmiye_Çığ",1914-06-20,"almaMater","http://dbpedia.org/resource/Ankara_University"
"http://dbpedia.org/resource/Rúaidhrí_de_Valera",1916-11-03,"almaMater","http://dbpedia.org/resource/University_College_Dublin"
"http://dbpedia.org/resource/Margaret_Ursula_Jones",1916-05-16,"institution","http://dbpedia.org/resource/Mucking_(archaeological_site)"
"http://dbpedia.org/resource/Honor_Frost",1917-10-28,"institution","http://dbpedia.org/resource/UCL_Institute_of_Archaeology"
"http://dbpedia.org/resource/Ahmad_Hasan_Dani",1920-06-20,"almaMater","http://dbpedia.org/resource/Banaras_Hindu_University"
"http://dbpedia.org/resource/Betty_Meggers",1921-12-05,"almaMater","http://dbpedia.org/resource/University_of_Michigan"
"http://dbpedia.org/resource/Betty_Meggers",1921-12-05,"almaMater","http://dbpedia.org/resource/University_of_Pennsylvania"
"http://dbpedia.org/resource/Betty_Meggers",1921-12-05,"almaMater","http://dbpedia.org/resource/Columbia_University"
"http://dbpedia.org/resource/Marija_Gimbutas",1921-01-23,"almaMater","http://dbpedia.org/resource/Vilnius_University"
"http://dbpedia.org/resource/Betty_Meggers",1921-12-05,"institution","http://dbpedia.org/resource/Smithsonian_Institution"
"http://dbpedia.org/resource/Betty_Meggers",1921-12-05,"institution","http://dbpedia.org/resource/National_Museum_of_Natural_History"
"http://dbpedia.org/resource/Su_Bai",1922-08-03,"almaMater","http://dbpedia.org/resource/Peking_University"
"http://dbpedia.org/resource/Fred_Wendorf",1924-07-31,"almaMater","http://dbpedia.org/resource/Harvard_University"
"http://dbpedia.org/resource/Fred_Wendorf",1924-07-31,"institution","http://dbpedia.org/resource/Texas_Tech_University"
"http://dbpedia.org/resource/Fred_Wendorf",1924-07-31,"institution","http://dbpedia.org/resource/Southern_Methodist_University"
"http://dbpedia.org/resource/Wang_Zhongshu",1925-10-15,"almaMater","http://dbpedia.org/resource/Peking_University"
"http://dbpedia.org/resource/Wang_Zhongshu",1925-10-15,"almaMater","http://dbpedia.org/resource/Zhejiang_University"
"http://dbpedia.org/resource/Ma_Chengyuan",1927-11-03,"almaMater","http://dbpedia.org/resource/Daxia_University"
"http://dbpedia.org/resource/John_Wymer",1928-03-05,"institution","http://dbpedia.org/resource/University_of_East_Anglia"
"http://dbpedia.org/resource/Seifollah_Kambakhshfard",1929-03-21,"almaMater","http://dbpedia.org/resource/University_of_Tehran"
"http://dbpedia.org/resource/Seifollah_Kambakhshfard",1929-03-21,"institution","http://dbpedia.org/resource/University_of_Tehran"
"http://dbpedia.org/resource/Seifollah_Kambakhshfard",1929-03-21,"institution","http://dbpedia.org/resource/Khorasan_Province"
"http://dbpedia.org/resource/Seifollah_Kambakhshfard",1929-03-21,"institution","http://dbpedia.org/resource/National_Museum_of_Iran"
"http://dbpedia.org/resource/Brian_Dobson_(archaeologist)",1931-09-13,"almaMater","http://dbpedia.org/resource/Hatfield_College"
"http://dbpedia.org/resource/Brian_Dobson_(archaeologist)",1931-09-13,"almaMater","http://dbpedia.org/resource/University_of_Durham"
"http://dbpedia.org/resource/Lewis_Binford",1931-11-21,"almaMater","http://dbpedia.org/resource/University_of_Michigan"
"http://dbpedia.org/resource/Lewis_Binford",1931-11-21,"almaMater","http://dbpedia.org/resource/University_of_North_Carolina_at_Chapel_Hill"
"http://dbpedia.org/resource/Lewis_Binford",1931-11-21,"almaMater","http://dbpedia.org/resource/Virginia_Tech"
"http://dbpedia.org/resource/Larissa_Bonfante",1931-03-27,"almaMater","http://dbpedia.org/resource/Barnard_College"
"http://dbpedia.org/resource/Larissa_Bonfante",1931-03-27,"almaMater","http://dbpedia.org/resource/University_of_Cincinnati"
"http://dbpedia.org/resource/Larissa_Bonfante",1931-03-27,"almaMater","http://dbpedia.org/resource/Columbia_University"
"http://dbpedia.org/resource/Brian_Dobson_(archaeologist)",1931-09-13,"institution","http://dbpedia.org/resource/University_of_Durham"
"http://dbpedia.org/resource/Lewis_Binford",1931-11-21,"institution","http://dbpedia.org/resource/University_of_Chicago"
"http://dbpedia.org/resource/Lewis_Binford",1931-11-21,"institution","http://dbpedia.org/resource/University_of_New_Mexico"
"http://dbpedia.org/resource/Lewis_Binford",1931-11-21,"institution","http://dbpedia.org/resource/Southern_Methodist_University"
"http://dbpedia.org/resource/George_Bass_(archaeologist)",1932-12-09,"almaMater","http://dbpedia.org/resource/University_of_Pennsylvania"
"http://dbpedia.org/resource/George_Bass_(archaeologist)",1932-12-09,"almaMater","http://dbpedia.org/resource/The_Johns_Hopkins_University"
"http://dbpedia.org/resource/George_Bass_(archaeologist)",1932-12-09,"institution","http://dbpedia.org/resource/Texas_A&M_University"
"http://dbpedia.org/resource/Li_Xueqin",1933-03-28,"almaMater","http://dbpedia.org/resource/Tsinghua_University"
"http://dbpedia.org/resource/Parviz_Varjavand",1934-01-05,"almaMater","http://dbpedia.org/resource/University_of_Paris"
"http://dbpedia.org/resource/Parviz_Varjavand",1934-01-05,"almaMater","http://dbpedia.org/resource/University_of_Tehran"
"http://dbpedia.org/resource/Karl_Butzer",1934-08-19,"almaMater","http://dbpedia.org/resource/University_of_Bonn"
"http://dbpedia.org/resource/Karl_Butzer",1934-08-19,"almaMater","http://dbpedia.org/resource/McGill_University"
"http://dbpedia.org/resource/John_Clegg_(archaeologist)",1935-01-11,"almaMater","http://dbpedia.org/resource/Cambridge_University"
"http://dbpedia.org/resource/Josephine_Flood",1936-07-25,"almaMater","http://dbpedia.org/resource/Cambridge_University"
"http://dbpedia.org/resource/Josephine_Flood",1936-07-25,"almaMater","http://dbpedia.org/resource/Australian_National_University"
"http://dbpedia.org/resource/Cynthia_Irwin-Williams",1936-04-14,"almaMater","http://dbpedia.org/resource/Harvard_University"
"http://dbpedia.org/resource/Cynthia_Irwin-Williams",1936-04-14,"almaMater","http://dbpedia.org/resource/Radcliffe_College"
"http://dbpedia.org/resource/Hilary_Deacon",1936-01-10,"almaMater","http://dbpedia.org/resource/University_of_Cape_Town"
"http://dbpedia.org/resource/Bryant_G._Wood",1936,"almaMater","http://dbpedia.org/resource/University_of_Michigan"
"http://dbpedia.org/resource/Josephine_Flood",1936-07-25,"institution","http://dbpedia.org/resource/Australian_National_University"
"http://dbpedia.org/resource/Josephine_Flood",1936-07-25,"institution","http://dbpedia.org/resource/Australian_Heritage_Commission"
"http://dbpedia.org/resource/Hilary_Deacon",1936-01-10,"institution","http://dbpedia.org/resource/University_of_Stellenbosch"
"http://dbpedia.org/resource/Colin_Renfrew",1937-07-25,"almaMater","http://dbpedia.org/resource/St_John's_College,_Cambridge"
"http://dbpedia.org/resource/Glynn_Isaac",1937-11-19,"almaMater","http://dbpedia.org/resource/Peterhouse,_Cambridge"
"http://dbpedia.org/resource/Glynn_Isaac",1937-11-19,"almaMater","http://dbpedia.org/resource/University_of_Cape_Town"
"http://dbpedia.org/resource/Glynn_Isaac",1937-11-19,"institution","http://dbpedia.org/resource/University_of_California,_Berkeley"
"http://dbpedia.org/resource/Glynn_Isaac",1937-11-19,"institution","http://dbpedia.org/resource/Harvard_University"
"http://dbpedia.org/resource/Peter_Ucko",1938-07-27,"almaMater","http://dbpedia.org/resource/University_College_London"
"http://dbpedia.org/resource/Janette_Deacon",1939-11-25,"almaMater","http://dbpedia.org/resource/University_of_Cape_Town"
"http://dbpedia.org/resource/Janette_Deacon",1939-11-25,"institution","http://dbpedia.org/resource/University_of_South_Africa"
"http://dbpedia.org/resource/Janette_Deacon",1939-11-25,"institution","http://dbpedia.org/resource/University_of_the_Witwatersrand"
"http://dbpedia.org/resource/Janette_Deacon",1939-11-25,"institution","http://dbpedia.org/resource/National_Monuments_Council_(South_Africa_and_Namibia)"
"http://dbpedia.org/resource/Janette_Deacon",1939-11-25,"institution","http://dbpedia.org/resource/South_African_Heritage_Resources_Agency"
"http://dbpedia.org/resource/Carmel_Schrire",1941-05-15,"almaMater","http://dbpedia.org/resource/University_of_Cambridge"
"http://dbpedia.org/resource/Carmel_Schrire",1941-05-15,"almaMater","http://dbpedia.org/resource/University_of_Cape_Town"
"http://dbpedia.org/resource/Carmel_Schrire",1941-05-15,"almaMater","http://dbpedia.org/resource/Australian_National_University"
"http://dbpedia.org/resource/Richard_Klein_(paleoanthropologist)",1941-04-11,"almaMater","http://dbpedia.org/resource/University_of_Chicago"
"http://dbpedia.org/resource/Richard_Klein_(paleoanthropologist)",1941-04-11,"almaMater","http://dbpedia.org/resource/University_of_Michigan"
"http://dbpedia.org/resource/Dilip_Kumar_Chakrabarti",1941-04-27,"almaMater","http://dbpedia.org/resource/Calcutta_University"
"http://dbpedia.org/resource/Carmel_Schrire",1941-05-15,"institution","http://dbpedia.org/resource/Rutgers_University"
"http://dbpedia.org/resource/Richard_Klein_(paleoanthropologist)",1941-04-11,"institution","http://dbpedia.org/resource/University_of_Chicago"
"http://dbpedia.org/resource/Richard_Klein_(paleoanthropologist)",1941-04-11,"institution","http://dbpedia.org/resource/University_of_Wisconsin–Milwaukee"
"http://dbpedia.org/resource/Richard_Klein_(paleoanthropologist)",1941-04-11,"institution","http://dbpedia.org/resource/Stanford_University"
"http://dbpedia.org/resource/Richard_Klein_(paleoanthropologist)",1941-04-11,"institution","http://dbpedia.org/resource/Northwestern_University"
"http://dbpedia.org/resource/Richard_Klein_(paleoanthropologist)",1941-04-11,"institution","http://dbpedia.org/resource/University_of_Washington,_Seattle"
"http://dbpedia.org/resource/Siran_Upendra_Deraniyagala",1942-03-01,"almaMater","http://dbpedia.org/resource/University_of_London"
"http://dbpedia.org/resource/Siran_Upendra_Deraniyagala",1942-03-01,"almaMater","http://dbpedia.org/resource/S._Thomas'_College,_Mount_Lavinia"
"http://dbpedia.org/resource/Siran_Upendra_Deraniyagala",1942-03-01,"almaMater","http://dbpedia.org/resource/Trinity_College,_Cambridge"
"http://dbpedia.org/resource/Siran_Upendra_Deraniyagala",1942-03-01,"almaMater","http://dbpedia.org/resource/Harvard_University"
"http://dbpedia.org/resource/Alireza_Shapour_Shahbazi",1942-09-04,"institution","http://dbpedia.org/resource/University_of_Göttingen"
"http://dbpedia.org/resource/Alireza_Shapour_Shahbazi",1942-09-04,"institution","http://dbpedia.org/resource/University_of_Tehran"
"http://dbpedia.org/resource/Alireza_Shapour_Shahbazi",1942-09-04,"institution","http://dbpedia.org/resource/Columbia_University"
"http://dbpedia.org/resource/Alireza_Shapour_Shahbazi",1942-09-04,"institution","http://dbpedia.org/resource/Shiraz_University"
"http://dbpedia.org/resource/Alireza_Shapour_Shahbazi",1942-09-04,"institution","http://dbpedia.org/resource/Harvard_University"
"http://dbpedia.org/resource/Victor_Spinei",1943-10-26,"almaMater","http://dbpedia.org/resource/University_of_Bucharest"
"http://dbpedia.org/resource/Victor_Spinei",1943-10-26,"almaMater","http://dbpedia.org/resource/Alexandru_Ioan_Cuza_University"
"http://dbpedia.org/resource/Donald_Johanson",1943-06-28,"almaMater","http://dbpedia.org/resource/University_of_Chicago"
"http://dbpedia.org/resource/Donald_Johanson",1943-06-28,"almaMater","http://dbpedia.org/resource/University_of_Illinois_at_Urbana–Champaign"
"http://dbpedia.org/resource/Peter_Woodman",1943-07-02,"almaMater","http://dbpedia.org/resource/Queen's_University_of_Belfast"
"http://dbpedia.org/resource/Donald_Johanson",1943-06-28,"institution","http://dbpedia.org/resource/Arizona_State_University"
"http://dbpedia.org/resource/Peter_Woodman",1943-07-02,"institution","http://dbpedia.org/resource/University_College_Cork"
"http://dbpedia.org/resource/Peter_Woodman",1943-07-02,"institution","http://dbpedia.org/resource/Ulster_Museum"
"http://dbpedia.org/resource/Roland_Étienne_(archaeologist)",1944-04-18,"almaMater","http://dbpedia.org/resource/École_normale_supérieure_(Paris)"
"http://dbpedia.org/resource/James_M._Adovasio",1944,"almaMater","http://dbpedia.org/resource/University_of_Arizona"
"http://dbpedia.org/resource/James_M._Adovasio",1944,"almaMater","http://dbpedia.org/resource/University_of_Utah"
"http://dbpedia.org/resource/Elizabeth_Brumfiel",1945-03-10,"almaMater","http://dbpedia.org/resource/University_of_California,_Los_Angeles"
"http://dbpedia.org/resource/Elizabeth_Brumfiel",1945-03-10,"almaMater","http://dbpedia.org/resource/University_of_Michigan"
"http://dbpedia.org/resource/Francis_Pryor",1945-01-13,"almaMater","http://dbpedia.org/resource/Trinity_College,_Cambridge"
"http://dbpedia.org/resource/Elizabeth_Brumfiel",1945-03-10,"institution","http://dbpedia.org/resource/Albion_College"
"http://dbpedia.org/resource/Elizabeth_Brumfiel",1945-03-10,"institution","http://dbpedia.org/resource/Northwestern_University"
"http://dbpedia.org/resource/Andrew_Sherratt",1946-05-08,"almaMater","http://dbpedia.org/resource/University_of_Cambridge"
"http://dbpedia.org/resource/Ronny_Reich",1947-03-31,"almaMater","http://dbpedia.org/resource/Hebrew_University_of_Jerusalem"
"http://dbpedia.org/resource/Zahi_Hawass",1947-05-28,"almaMater","http://dbpedia.org/resource/Cairo_University"
"http://dbpedia.org/resource/Zahi_Hawass",1947-05-28,"almaMater","http://dbpedia.org/resource/University_of_Pennsylvania"
"http://dbpedia.org/resource/Zahi_Hawass",1947-05-28,"almaMater","http://dbpedia.org/resource/Alexandria_University"
"http://dbpedia.org/resource/David_L._Kennedy",1948-04-25,"almaMater","http://dbpedia.org/resource/University_of_Manchester"
"http://dbpedia.org/resource/David_L._Kennedy",1948-04-25,"almaMater","http://dbpedia.org/resource/University_of_Oxford"
"http://dbpedia.org/resource/Paolo_Biagi",1948-01-30,"almaMater","http://dbpedia.org/resource/University_of_Milan"
"http://dbpedia.org/resource/Paolo_Biagi",1948-01-30,"almaMater","http://dbpedia.org/resource/UCL_Institute_of_Archaeology"
"http://dbpedia.org/resource/Ian_Hodder",1948-11-23,"almaMater","http://dbpedia.org/resource/Peterhouse,_Cambridge"
"http://dbpedia.org/resource/Ian_Hodder",1948-11-23,"almaMater","http://dbpedia.org/resource/University_of_London"
"http://dbpedia.org/resource/David_L._Kennedy",1948-04-25,"institution","http://dbpedia.org/resource/Boston_University"
"http://dbpedia.org/resource/David_L._Kennedy",1948-04-25,"institution","http://dbpedia.org/resource/University_of_Sheffield"
"http://dbpedia.org/resource/David_L._Kennedy",1948-04-25,"institution","http://dbpedia.org/resource/University_of_Western_Australia"
"http://dbpedia.org/resource/Paolo_Biagi",1948-01-30,"institution","http://dbpedia.org/resource/Ca'_Foscari_University_of_Venice"
"http://dbpedia.org/resource/Paolo_Biagi",1948-01-30,"institution","http://dbpedia.org/resource/University_of_Genoa"
"http://dbpedia.org/resource/Ian_Hodder",1948-11-23,"institution","http://dbpedia.org/resource/University_of_Cambridge"
"http://dbpedia.org/resource/Ian_Hodder",1948-11-23,"institution","http://dbpedia.org/resource/University_of_Leeds"
"http://dbpedia.org/resource/Ian_Hodder",1948-11-23,"institution","http://dbpedia.org/resource/Stanford_University"
"http://dbpedia.org/resource/Ian_Hodder",1948-11-23,"institution","http://dbpedia.org/resource/Darwin_College,_Cambridge"
"http://dbpedia.org/resource/Dolores_Piperno",1949,"almaMater","http://dbpedia.org/resource/Rutgers_University"
"http://dbpedia.org/resource/Dolores_Piperno",1949,"almaMater","http://dbpedia.org/resource/Temple_University"
"http://dbpedia.org/resource/Israel_Finkelstein",1949-03-29,"almaMater","http://dbpedia.org/resource/Tel_Aviv_University"
"http://dbpedia.org/resource/Dolores_Piperno",1949,"institution","http://dbpedia.org/resource/Smithsonian_Tropical_Research_Institute"
"http://dbpedia.org/resource/Dolores_Piperno",1949,"institution","http://dbpedia.org/resource/National_Museum_of_Natural_History"
"http://dbpedia.org/resource/Israel_Finkelstein",1949-03-29,"institution","http://dbpedia.org/resource/University_of_Haifa"
"http://dbpedia.org/resource/Israel_Finkelstein",1949-03-29,"institution","http://dbpedia.org/resource/Tel_Aviv_University"
"http://dbpedia.org/resource/Mike_Morwood",1950-10-27,"almaMater","http://dbpedia.org/resource/University_of_Auckland"
"http://dbpedia.org/resource/Mary_Beaudry",1950-11-25,"institution","http://dbpedia.org/resource/Boston_University"
"http://dbpedia.org/resource/Gary_M._Feinman",1951,"almaMater","http://dbpedia.org/resource/University_of_Michigan"
"http://dbpedia.org/resource/Gary_M._Feinman",1951,"almaMater","http://dbpedia.org/resource/Stuyvesant_High_School"
"http://dbpedia.org/resource/Gary_M._Feinman",1951,"almaMater","http://dbpedia.org/resource/CUNY_Graduate_Center"
"http://dbpedia.org/resource/Gary_M._Feinman",1951,"institution","http://dbpedia.org/resource/Field_Museum_of_Natural_History"
"http://dbpedia.org/resource/Richard_Hodges_(archaeologist)",1952-09-29,"almaMater","http://dbpedia.org/resource/University_of_Southampton"
"http://dbpedia.org/resource/Marek_Zvelebil",1952-01-09,"almaMater","http://dbpedia.org/resource/University_of_Cambridge"
"http://dbpedia.org/resource/Marek_Zvelebil",1952-01-09,"almaMater","http://dbpedia.org/resource/University_of_Sheffield"
"http://dbpedia.org/resource/Lynne_Goldstein",1953-09-18,"almaMater","http://dbpedia.org/resource/Beloit_College"
"http://dbpedia.org/resource/Lynne_Goldstein",1953-09-18,"almaMater","http://dbpedia.org/resource/Northwestern_University"
"http://dbpedia.org/resource/Klaus_Schmidt_(archaeologist)",1953-12-11,"almaMater","http://dbpedia.org/resource/Heidelberg_University"
"http://dbpedia.org/resource/Klaus_Schmidt_(archaeologist)",1953-12-11,"almaMater","http://dbpedia.org/resource/University_of_Erlangen-Nuremberg"
"http://dbpedia.org/resource/Wil_Roebroeks",1955-05-05,"almaMater","http://dbpedia.org/resource/Leiden_University"
"http://dbpedia.org/resource/Wil_Roebroeks",1955-05-05,"almaMater","http://dbpedia.org/resource/Radboud_University_Nijmegen"
"http://dbpedia.org/resource/Wil_Roebroeks",1955-05-05,"institution","http://dbpedia.org/resource/Leiden_University"
"http://dbpedia.org/resource/Eilat_Mazar",1956-09-10,"almaMater","http://dbpedia.org/resource/Hebrew_University_of_Jerusalem"
"http://dbpedia.org/resource/Valentine_Roux",1956,"almaMater","http://dbpedia.org/resource/University_of_Paris"
"http://dbpedia.org/resource/Eilat_Mazar",1956-09-10,"institution","http://dbpedia.org/resource/Shalem_Center"
"http://dbpedia.org/resource/Eilat_Mazar",1956-09-10,"institution","http://dbpedia.org/resource/Hebrew_University"
"http://dbpedia.org/resource/Louise_Zarmati",1958-08-08,"almaMater","http://dbpedia.org/resource/University_of_Sydney"
"http://dbpedia.org/resource/Neil_Faulkner_(archaeologist)",1958-01-22,"almaMater","http://dbpedia.org/resource/University_College_London"
"http://dbpedia.org/resource/Neil_Faulkner_(archaeologist)",1958-01-22,"almaMater","http://dbpedia.org/resource/King's_College,_Cambridge"
"http://dbpedia.org/resource/Louise_Zarmati",1958-08-08,"institution","http://dbpedia.org/resource/University_of_Tasmania"
"http://dbpedia.org/resource/Eric_H._Cline",1960-09-01,"almaMater","http://dbpedia.org/resource/University_of_Pennsylvania"
"http://dbpedia.org/resource/Eric_H._Cline",1960-09-01,"almaMater","http://dbpedia.org/resource/Dartmouth_College"
"http://dbpedia.org/resource/Eric_H._Cline",1960-09-01,"almaMater","http://dbpedia.org/resource/Yale_University"
"http://dbpedia.org/resource/Peter_N._Peregrine",1963-11-29,"almaMater","http://dbpedia.org/resource/Purdue_University"
"http://dbpedia.org/resource/Peter_N._Peregrine",1963-11-29,"institution","http://dbpedia.org/resource/Lawrence_University"
"http://dbpedia.org/resource/Peter_N._Peregrine",1963-11-29,"institution","http://dbpedia.org/resource/Human_Relations_Area_Files"
"http://dbpedia.org/resource/Sharada_Srinivasan",1966-01-16,"almaMater","http://dbpedia.org/resource/University_of_London"
"http://dbpedia.org/resource/Sharada_Srinivasan",1966-01-16,"almaMater","http://dbpedia.org/resource/School_of_Oriental_and_African_Studies"
"http://dbpedia.org/resource/Sharada_Srinivasan",1966-01-16,"almaMater","http://dbpedia.org/resource/Indian_Institute_of_Technology,_Bombay"
"http://dbpedia.org/resource/Birgitta_Hoffmann",1969-05-18,"almaMater","http://dbpedia.org/resource/University_of_Durham"
"http://dbpedia.org/resource/Birgitta_Hoffmann",1969-05-18,"almaMater","http://dbpedia.org/resource/Ustinov_College"
"http://dbpedia.org/resource/Birgitta_Hoffmann",1969-05-18,"institution","http://dbpedia.org/resource/University_College_Dublin"
"http://dbpedia.org/resource/Birgitta_Hoffmann",1969-05-18,"institution","http://dbpedia.org/resource/University_of_Liverpool"
"http://dbpedia.org/resource/Martin_Rundkvist",1972-04-04,"almaMater","http://dbpedia.org/resource/Stockholm_University"
"http://dbpedia.org/resource/Martin_Rundkvist",1972-04-04,"almaMater","http://dbpedia.org/resource/PhD"
"http://dbpedia.org/resource/Hugh_Willmott_(archaeologist)",1972,"almaMater","http://dbpedia.org/resource/Durham_University"
